167503724544	SGVybWVzVmFsdWU=	SGVybWVzVmFsdWU=	YzExX2F0dGFja2VyX2luZGVwZW5kZW50X3NpemUuY3Bw	8	false	
167503724545	Q2FsbGFibGU=	Q2FsbGFibGU=	YzExX2F0dGFja2VyX2luZGVwZW5kZW50X3NpemUuY3Bw	9	false	
167503724546	U3RhY2tGcmFtZVB0cg==	U3RhY2tGcmFtZVB0cg==	YzExX2F0dGFja2VyX2luZGVwZW5kZW50X3NpemUuY3Bw	11	false	
167503724547	PGdsb2JhbD4=	YzExX2F0dGFja2VyX2luZGVwZW5kZW50X3NpemUuY3BwOjxnbG9iYWw+	YzExX2F0dGFja2VyX2luZGVwZW5kZW50X3NpemUuY3Bw	1	false	
167503724548	U2NvcGVkTmF0aXZlQ2FsbEZyYW1l	U2NvcGVkTmF0aXZlQ2FsbEZyYW1l	YzExX2F0dGFja2VyX2luZGVwZW5kZW50X3NpemUuY3Bw	15	false	
167503724549	UGxhaW5CdWZmZXI=	UGxhaW5CdWZmZXI=	YzExX2F0dGFja2VyX2luZGVwZW5kZW50X3NpemUuY3Bw	32	false	
167503724550	UnVudGltZQ==	UnVudGltZTxkdXBsaWNhdGU+MA==	YzExX2F0dGFja2VyX2luZGVwZW5kZW50X3NpemUuY3Bw	40	false	
167503724551	dXNlSXQ=	dXNlSXQ6aW50KFJ1bnRpbWUqKQ==	YzExX2F0dGFja2VyX2luZGVwZW5kZW50X3NpemUuY3Bw	48	false	
167503724552	UnVudGltZQ==	UnVudGltZQ==	YzExX2F0dGFja2VyX2luZGVwZW5kZW50X3NpemUuY3Bw	7	false	
167503724553	QU5Z	QU5Z	PGluY2x1ZGVzPg==		true	
167503724554	Q2FsbGFibGUq	Q2FsbGFibGUq	PGluY2x1ZGVzPg==		true	
167503724555	UGxhaW5CdWZmZXIq	UGxhaW5CdWZmZXIq	PGluY2x1ZGVzPg==		true	
167503724556	UnVudGltZSo=	UnVudGltZSo=	PGluY2x1ZGVzPg==		true	
167503724557	U2NvcGVkTmF0aXZlQ2FsbEZyYW1lKg==	U2NvcGVkTmF0aXZlQ2FsbEZyYW1lKg==	PGluY2x1ZGVzPg==		true	
167503724558	Ym9vbA==	Ym9vbA==	PGluY2x1ZGVzPg==		true	
167503724559	aW50	aW50	PGluY2x1ZGVzPg==		true	
167503724560	aW50Jg==	aW50Jg==	PGluY2x1ZGVzPg==		true	
167503724561	dW5zaWduZWQgaW50	dW5zaWduZWQgaW50	PGluY2x1ZGVzPg==		true	
167503724562	dm9pZA==	dm9pZA==	PGluY2x1ZGVzPg==		true	
