167503724591	Q0xBU1M=
167503724698	U1RSVUNU
167503724701	U1RSVUNU
167503724702	Q0xBU1M=
167503724705	Q0xBU1M=
167503724707	Q0xBU1M=
167503724710	Q0xBU1M=
167503724711	Q0xBU1M=
167503724712	Q0xBU1M=
167503724713	Q0xBU1M=
167503724714	U1RSVUNU
167503724715	Q0xBU1M=
167503724718	Q0xBU1M=
167503724719	Q0xBU1M=
167503724721	Q0xBU1M=
167503724723	Q0xBU1M=
167503724724	Q0xBU1M=
167503724726	U1RSVUNU
167503724728	Q0xBU1M=
167503724729	U1RSVUNU
167503724732	Q0xBU1M=
167503724734	Q0xBU1M=
167503724736	Q0xBU1M=
167503724738	U1RSVUNU
167503724739	U1RSVUNU
