90194313216	MA==	aW50	19
90194313217	NjQ=	aW50	41
90194313218	NjQ=	aW50	42
90194313219	NjQ=	aW50	50
90194313220	MA==	aW50	52
90194313221	NjQ=	aW50	54
90194313222	NjQ=	aW50	62
90194313223	NjQ=	aW50	63
90194313224	MA==	aW50	65
90194313225	NjQ=	aW50	74
90194313226	MA==	aW50	76
90194313227	NjQ=	aW50	78
90194313228	NjQ=	aW50	86
90194313229	ImNyZWF0ZSBmYWlsZWQi	Y2hhcio=	88
90194313230	NjQ=	aW50	90
90194313231	NjQ=	aW50	97
90194313232	NjQ=	aW50	104
90194313233	MTI4	aW50	111
90194313234	MTI4	aW50	113
90194313235	MA==	aW50	117
90194313236	NjQ=	aW50	123
90194313237	MA==	aW50	125
90194313238	NjQ=	aW50	136
90194313239	MA==	aW50	136
90194313240	MA==	aW50	136
90194313241	NjQ=	aW50	150
90194313242	MA==	aW50	152
90194313243	NjQ=	aW50	154
90194313244	NjQ=	aW50	165
90194313245	MA==	aW50	167
90194313246	NjQ=	aW50	169
90194313247	MA==	aW50	180
90194313248	MA==	aW50	186
90194313249	NjQ=	aW50	212
90194313250	NjQ=	aW50	214
90194313251	NjQ=	aW50	224
90194313252	NjQ=	aW50	226
90194313253	MA==	aW50	229
90194313254	NjQ=	aW50	238
90194313255	NjQ=	aW50	240
90194313256	MA==	aW50	243
90194313257	OA==	aW50	250
90194313258	MA==	aW50	251
90194313259	NjQ=	aW50	259
90194313260	MA==	aW50	260
