124554051587	107374182400	UkVU	QU5Z	1
124554051585	107374182401	UkVU	RmFjdG9yeVJlc291cmNl	12
124554051584	107374182402	UkVU	Ym9vbA==	17
124554051586	107374182403	UkVU	aW50	21
124554051588	107374182404	UkVU	QU5Z	1
124554051589	107374182405	UkVU	RmFjdG9yeVJlc291cmNl	15
124554051590	107374182406	UkVU	RmFjdG9yeVJlc291cmNl	16
124554051591	107374182407	UkVU	aW50Jg==	18
124554051592	107374182408	UkVU	QU5Z	
124554051593	107374182409	UkVU	QU5Z	
124554051594	107374182410	UkVU	QU5Z	
124554051595	107374182411	UkVU	QU5Z	
124554051596	107374182412	UkVU	QU5Z	
