94489280528	107374182400	PHRtcD4w	PHRtcD4w	QU5Z	16
94489280529	107374182400	ZW5jb2RlVW5kZWZpbmVkVmFsdWU=	ZW5jb2RlVW5kZWZpbmVkVmFsdWU=	ZW5jb2RlVW5kZWZpbmVkVmFsdWU=	16
94489280526	107374182402	PHRtcD4w	PHRtcD4w	QU5Z	23
94489280527	107374182402	Z2V0SGVybWVzVmFsdWU=	Z2V0SGVybWVzVmFsdWU=	Z2V0SGVybWVzVmFsdWU=	23
94489280524	107374182403	PHRtcD4w	PHRtcD4w	QU5Z	28
94489280525	107374182403	YXQ=	YXQ=	YXQ=	28
94489280522	107374182404	PHRtcD4w	PHRtcD4w	QU5Z	32
94489280523	107374182404	Z2V0QXJnUmVm	Z2V0QXJnUmVm	Z2V0QXJnUmVm	32
94489280520	107374182405	PHRtcD4w	PHRtcD4w	QU5Z	37
94489280521	107374182405	ZnJhbWVf	ZnJhbWVf	U3RhY2tGcmFtZVB0cg==	37
94489280518	107374182408	PHRtcD4w	PHRtcD4w	QU5Z	54
94489280519	107374182408	cmFpc2VTdGFja092ZXJmbG93	cmFpc2VTdGFja092ZXJmbG93	cmFpc2VTdGFja092ZXJmbG93	54
94489280512	107374182409	cmVwbGFjZXJBcmdzQ291bnQ=	dW5zaWduZWQgaW50IHJlcGxhY2VyQXJnc0NvdW50	dW5zaWduZWQgaW50	65
94489280513	107374182409	bmV3RnJhbWU=	U2NvcGVkTmF0aXZlQ2FsbEZyYW1lIG5ld0ZyYW1l	U2NvcGVkTmF0aXZlQ2FsbEZyYW1l	66
94489280514	107374182409	YXJnSWR4	dW5zaWduZWQgaW50IGFyZ0lkeA==	dW5zaWduZWQgaW50	74
94489280515	107374182409	RXhlY3V0aW9uU3RhdHVz	RXhlY3V0aW9uU3RhdHVz	RXhlY3V0aW9uU3RhdHVz	79
94489280516	107374182409	UnVudGltZQ==	UnVudGltZQ==	UnVudGltZQ==	72
94489280517	107374182409	PHRtcD4w	PHRtcD4w	U2NvcGVkTmF0aXZlQ2FsbEZyYW1l	66
