107374182400	PGdsb2JhbD4=	YzA3X2FsaWFzX3VzZS5jcHA6PGdsb2JhbD4=		YzA3X2FsaWFzX3VzZS5jcHA=	1	57	VFlQRV9ERUNM	YzA3X2FsaWFzX3VzZS5jcHA6PGdsb2JhbD4=	false
107374182401	PGNsaW5pdD4=	U2NvcGVkTmF0aXZlQ2FsbEZyYW1lLjxjbGluaXQ+OlNjb3BlZE5hdGl2ZUNhbGxGcmFtZSgp		YzA3X2FsaWFzX3VzZS5jcHA=	15	23	VFlQRV9ERUNM	YzA3X2FsaWFzX3VzZS5jcHA6PGdsb2JhbD4=	false
107374182402	b3ZlcmZsb3dlZA==	U2NvcGVkTmF0aXZlQ2FsbEZyYW1lLm92ZXJmbG93ZWQ6Ym9vbCgpPGNvbnN0Pg==	Ym9vbCgpPGNvbnN0Pg==	YzA3X2FsaWFzX3VzZS5jcHA=	21	21	VFlQRV9ERUNM	U2NvcGVkTmF0aXZlQ2FsbEZyYW1l	false
107374182403	LT4=	U2NvcGVkTmF0aXZlQ2FsbEZyYW1lLi0+OlN0YWNrRnJhbWVQdHIoKQ==	U3RhY2tGcmFtZVB0cigp	YzA3X2FsaWFzX3VzZS5jcHA=	22	22	VFlQRV9ERUNM	U2NvcGVkTmF0aXZlQ2FsbEZyYW1l	false
107374182404	b3ZlcmZsb3dlZA==	UGxhaW5CdWZmZXIub3ZlcmZsb3dlZDppbnQoKTxjb25zdD4=	aW50KCk8Y29uc3Q+	YzA3X2FsaWFzX3VzZS5jcHA=	36	36	VFlQRV9ERUNM	UGxhaW5CdWZmZXI=	false
107374182405	dXNlSXQ=	dXNlSXQ6aW50KFJ1bnRpbWUqLHVuc2lnbmVkIGludCk=	aW50KFJ1bnRpbWUqLHVuc2lnbmVkIGludCk=	YzA3X2FsaWFzX3VzZS5jcHA=	48	57	VFlQRV9ERUNM	YzA3X2FsaWFzX3VzZS5jcHA6PGdsb2JhbD4=	false
107374182406	PGdsb2JhbD4=	PGluY2x1ZGVzPjo8Z2xvYmFsPg==		PGluY2x1ZGVzPg==	1		TkFNRVNQQUNFX0JMT0NL	PGluY2x1ZGVzPjo8Z2xvYmFsPg==	false
107374182407	Z2V0QXJnUmVm	U3RhY2tGcmFtZVB0ci5nZXRBcmdSZWY6aW50Jih1bnNpZ25lZCBpbnQp	aW50Jih1bnNpZ25lZCBpbnQp	YzA3X2FsaWFzX3VzZS5jcHA=	12	12	VFlQRV9ERUNM	U3RhY2tGcmFtZVB0cg==	false
107374182408	U2NvcGVkTmF0aXZlQ2FsbEZyYW1l	U2NvcGVkTmF0aXZlQ2FsbEZyYW1lLlNjb3BlZE5hdGl2ZUNhbGxGcmFtZTp2b2lkKFJ1bnRpbWUqLHVuc2lnbmVkIGludCxDYWxsYWJsZSosYm9vbCxIZXJtZXNWYWx1ZSk=	dm9pZChSdW50aW1lKix1bnNpZ25lZCBpbnQsQ2FsbGFibGUqLGJvb2wsSGVybWVzVmFsdWUp	YzA3X2FsaWFzX3VzZS5jcHA=	19	20	VFlQRV9ERUNM	U2NvcGVkTmF0aXZlQ2FsbEZyYW1l	false
107374182409	UGxhaW5CdWZmZXI=	UGxhaW5CdWZmZXIuUGxhaW5CdWZmZXI6dm9pZCh1bnNpZ25lZCBpbnQp	dm9pZCh1bnNpZ25lZCBpbnQp	YzA3X2FsaWFzX3VzZS5jcHA=	35	35	VFlQRV9ERUNM	UGxhaW5CdWZmZXI=	false
107374182410	YXQ=	UGxhaW5CdWZmZXIuYXQ6aW50Jih1bnNpZ25lZCBpbnQp	aW50Jih1bnNpZ25lZCBpbnQp	YzA3X2FsaWFzX3VzZS5jcHA=	37	37	VFlQRV9ERUNM	UGxhaW5CdWZmZXI=	false
107374182411	cmFpc2VTdGFja092ZXJmbG93	UnVudGltZS5yYWlzZVN0YWNrT3ZlcmZsb3c6aW50KCk=	aW50KCk=	YzA3X2FsaWFzX3VzZS5jcHA=	41	41	VFlQRV9ERUNM	UnVudGltZQ==	false
107374182412	PG9wZXJhdG9yPi5pbmRpcmVjdEZpZWxkQWNjZXNz	PG9wZXJhdG9yPi5pbmRpcmVjdEZpZWxkQWNjZXNz		PGVtcHR5Pg==			TkFNRVNQQUNFX0JMT0NL	PGdsb2JhbD4=	true
107374182413	PG9wZXJhdG9yPi5hc3NpZ25tZW50	PG9wZXJhdG9yPi5hc3NpZ25tZW50		PGVtcHR5Pg==			TkFNRVNQQUNFX0JMT0NL	PGdsb2JhbD4=	true
107374182414	PG9wZXJhdG9yPi5hbGxvYw==	PG9wZXJhdG9yPi5hbGxvYw==		PGVtcHR5Pg==			TkFNRVNQQUNFX0JMT0NL	PGdsb2JhbD4=	true
107374182415	QU5Z	QU5ZLkFOWTp2b2lkKCk=	dm9pZCgp	PGVtcHR5Pg==			TkFNRVNQQUNFX0JMT0NL	PGdsb2JhbD4=	true
107374182416	PG9wZXJhdG9yPi5hZGRyZXNzT2Y=	PG9wZXJhdG9yPi5hZGRyZXNzT2Y=		PGVtcHR5Pg==			TkFNRVNQQUNFX0JMT0NL	PGdsb2JhbD4=	true
107374182417	SGVybWVzVmFsdWU=	SGVybWVzVmFsdWUuSGVybWVzVmFsdWU6dm9pZCgp	dm9pZCgp	PGVtcHR5Pg==			TkFNRVNQQUNFX0JMT0NL	PGdsb2JhbD4=	true
107374182418	Z2V0QXJnUmVm	PHVucmVzb2x2ZWROYW1lc3BhY2U+LmdldEFyZ1JlZjo8dW5yZXNvbHZlZFNpZ25hdHVyZT4oMSk=	PHVucmVzb2x2ZWRTaWduYXR1cmU+	PGVtcHR5Pg==			TkFNRVNQQUNFX0JMT0NL	PGdsb2JhbD4=	true
