124554051589	107374182400	UkVU	QU5Z	1
124554051586	107374182401	UkVU	U2NvcGVkTmF0aXZlQ2FsbEZyYW1l	15
124554051584	107374182402	UkVU	Ym9vbA==	21
124554051585	107374182403	UkVU	U3RhY2tGcmFtZVB0cg==	22
124554051587	107374182404	UkVU	aW50	36
124554051588	107374182405	UkVU	aW50	48
124554051590	107374182406	UkVU	QU5Z	1
124554051591	107374182407	UkVU	aW50Jg==	12
124554051592	107374182408	UkVU	dm9pZA==	19
124554051593	107374182409	UkVU	dm9pZA==	35
124554051594	107374182410	UkVU	aW50Jg==	37
124554051595	107374182411	UkVU	aW50	41
124554051596	107374182412	UkVU	QU5Z	
124554051597	107374182413	UkVU	QU5Z	
124554051598	107374182414	UkVU	QU5Z	
124554051599	107374182415	UkVU	QU5Z	
124554051600	107374182416	UkVU	QU5Z	
