DELAYED_SOURCE	30064771361	REPLACE	30064771363	DELAYED_SOURCE2REPLACE
DELAYED_SOURCE	30064771224	REPLACE	30064771232	DELAYED_SOURCE2REPLACE
DELAYED_SOURCE	30064771337	REPLACE	30064771343	DELAYED_SOURCE2REPLACE
DELAYED_SOURCE	30064771334	REPLACE	30064771340	DELAYED_SOURCE2REPLACE
DELAYED_SOURCE	30064771196	REPLACE	30064771198	DELAYED_SOURCE2REPLACE
DELAYED_SOURCE	30064771254	REPLACE	30064771262	DELAYED_SOURCE2REPLACE
DELAYED_SOURCE	30064771356	REPLACE	30064771358	DELAYED_SOURCE2REPLACE
DELAYED_SOURCE	30064771289	REPLACE	30064771291	DELAYED_SOURCE2REPLACE
REPLACE	30064771232	ENCODE	30064771235	REPLACE2ENCODE
REPLACE	30064771232	CONSUMER	30064771239	REPLACE2CONSUMER
REPLACE	30064771340	CONSUMER	30064771345	REPLACE2CONSUMER
REPLACE	30064771343	CONSUMER	30064771345	REPLACE2CONSUMER
ENCODE	30064771235	CONSUMER	30064771239	ENCODE2CONSUMER
DELAYED_SOURCE	30064771224	CONSUMER	30064771239	DELAYED_SOURCE2CONSUMER
DELAYED_SOURCE	30064771337	CONSUMER	30064771345	DELAYED_SOURCE2CONSUMER
DELAYED_SOURCE	30064771334	CONSUMER	30064771345	DELAYED_SOURCE2CONSUMER
REPLACE	30064771262	LOGGING	30064771264	REPLACE2LOGGING
