111669149696	107374182408	0	dGhpcw==	dGhpcw==	U2NvcGVkTmF0aXZlQ2FsbEZyYW1lKg==	77
111669149697	107374182409	0	dGhpcw==	dGhpcw==	U2NvcGVkTmF0aXZlQ2FsbEZyYW1lKg==	78
111669149698	107374182411	1		dm9pZCAq	dm9pZCo=	102
111669149699	107374182411	2	cnVudGltZQ==	UnVudGltZSAqcnVudGltZQ==	UnVudGltZSo=	102
111669149700	107374182411	3	YXJncw==	TmF0aXZlQXJncyBhcmdz	TmF0aXZlQXJncw==	102
111669149701	107374182413	1	ZA==	ZG91YmxlIGQ=	ZG91Ymxl	13
111669149702	107374182414	1	cA==	dm9pZCogcA==	dm9pZCo=	14
111669149703	107374182417	1	cw==	RXhlY3V0aW9uU3RhdHVzIHM=	RXhlY3V0aW9uU3RhdHVz	23
111669149704	107374182418	1	dg==	VCB2	VA==	24
111669149705	107374182419	1	cw==	RXhlY3V0aW9uU3RhdHVzIHM=	RXhlY3V0aW9uU3RhdHVz	25
111669149706	107374182421	1	Zm4=	dm9pZCogZm4=	dm9pZCo=	30
111669149707	107374182421	2	cnVudGltZQ==	UnVudGltZSogcnVudGltZQ==	UnVudGltZSo=	30
111669149708	107374182422	1	Zm4=	dm9pZCogZm4=	dm9pZCo=	31
111669149709	107374182422	2	cnVudGltZQ==	UnVudGltZSogcnVudGltZQ==	UnVudGltZSo=	31
111669149710	107374182422	3	dGhpc1ZhbA==	SGVybWVzVmFsdWUgdGhpc1ZhbA==	SGVybWVzVmFsdWU=	31
111669149711	107374182423	1	Zm4=	dm9pZCogZm4=	dm9pZCo=	32
111669149712	107374182423	2	cnVudGltZQ==	UnVudGltZSogcnVudGltZQ==	UnVudGltZSo=	32
111669149713	107374182424	1	YXJy	SlNBcnJheSogYXJy	SlNBcnJheSo=	36
111669149714	107374182425	1	cnVudGltZQ==	UnVudGltZSogcnVudGltZQ==	UnVudGltZSo=	37
111669149715	107374182425	2	aQ==	dW5zaWduZWQgaW50IGk=	dW5zaWduZWQgaW50	37
111669149716	107374182429	1	cnVudGltZQ==	UnVudGltZSogcnVudGltZQ==	UnVudGltZSo=	49
111669149717	107374182430	1	dg==	SGVybWVzVmFsdWUgdg==	SGVybWVzVmFsdWU=	50
111669149718	107374182432	1	aW5kZXg=	dW5zaWduZWQgaW50IGluZGV4	dW5zaWduZWQgaW50	56
111669149719	107374182433	1	aW5kZXg=	dW5zaWduZWQgaW50IGluZGV4	dW5zaWduZWQgaW50	57
111669149720	107374182434	1	aW5kZXg=	dW5zaWduZWQgaW50IGluZGV4	dW5zaWduZWQgaW50	58
111669149721	107374182436	1	aQ==	dW5zaWduZWQgaW50IGk=	dW5zaWduZWQgaW50	63
111669149722	107374182437	1	cnVudGltZQ==	UnVudGltZSogcnVudGltZQ==	UnVudGltZSo=	75
111669149723	107374182437	2	YXJnQ291bnQ=	dW5zaWduZWQgaW50IGFyZ0NvdW50	dW5zaWduZWQgaW50	75
111669149724	107374182437	3	Y2FsbGVl	SGVybWVzVmFsdWUgY2FsbGVl	SGVybWVzVmFsdWU=	75
111669149725	107374182437	4	aXNDb25zdHJ1Y3Rvcg==	Ym9vbCBpc0NvbnN0cnVjdG9y	Ym9vbA==	76
111669149726	107374182437	5	dGhpc0FyZw==	SGVybWVzVmFsdWUgdGhpc0FyZw==	SGVybWVzVmFsdWU=	76
111669149727	107374182438	1	cnVudGltZQ==	UnVudGltZSogcnVudGltZQ==	UnVudGltZSo=	82
111669149728	107374182439	1	dg==	SGFuZGxlPEhlcm1lc1ZhbHVlPiB2	SGFuZGxl	87
111669149729	107374182439	2	bXNn	Y29uc3QgY2hhciogbXNn	Y2hhcio=	87
111669149730	107374182440	1	bXNn	Y29uc3QgY2hhciogbXNn	Y2hhcio=	88
111669149731	107374182441	1	a2luZA==	U3RhY2tPdmVyZmxvd0tpbmQga2luZA==	UnVudGltZS5TdGFja092ZXJmbG93S2luZA==	89
111669149732	107374182442	1	cDE=	cDE=	QU5Z	8
111669149733	107374182443	1	cDE=	cDE=	QU5Z	
111669149734	107374182443	2	cDI=	cDI=	QU5Z	
111669149735	107374182444	0	cDA=	cDA=	QU5Z	
111669149736	107374182445	0	cDA=	cDA=	QU5Z	
111669149737	107374182446	1	cDE=	cDE=	QU5Z	
111669149738	107374182447	1	cDE=	cDE=	QU5Z	
111669149739	107374182447	2	cDI=	cDI=	QU5Z	
111669149740	107374182448	1	cDE=	cDE=	QU5Z	
111669149741	107374182449	1	cDE=	cDE=	QU5Z	
111669149742	107374182450	1	cDE=	cDE=	QU5Z	
111669149743	107374182450	2	cDI=	cDI=	QU5Z	
111669149744	107374182451	1	cDE=	cDE=	QU5Z	
111669149745	107374182451	2	cDI=	cDI=	QU5Z	
111669149746	107374182452	1	cDE=	cDE=	QU5Z	
111669149747	107374182452	2	cDI=	cDI=	QU5Z	
111669149748	107374182453	1	cDE=	cDE=	QU5Z	
111669149749	107374182453	2	cDI=	cDI=	QU5Z	
111669149750	107374182454	0	cDA=	cDA=	QU5Z	
111669149751	107374182454	1	cDE=	cDE=	QU5Z	
111669149752	107374182454	2	cDI=	cDI=	QU5Z	
111669149753	107374182454	3	cDM=	cDM=	QU5Z	
111669149754	107374182454	4	cDQ=	cDQ=	QU5Z	
111669149755	107374182454	5	cDU=	cDU=	QU5Z	
111669149756	107374182455	1	cDE=	cDE=	QU5Z	
111669149757	107374182455	2	cDI=	cDI=	QU5Z	
111669149758	107374182456	1	cDE=	cDE=	QU5Z	
111669149759	107374182457	0	cDA=	cDA=	QU5Z	
111669149760	107374182457	1	cDE=	cDE=	QU5Z	
111669149761	107374182458	1	cDE=	cDE=	QU5Z	
111669149762	107374182458	2	cDI=	cDI=	QU5Z	
111669149763	107374182458	3	cDM=	cDM=	QU5Z	
111669149764	107374182459	1	cDE=	cDE=	QU5Z	
111669149765	107374182459	2	cDI=	cDI=	QU5Z	
111669149766	107374182459	3	cDM=	cDM=	QU5Z	
111669149767	107374182460	1	cDE=	cDE=	QU5Z	
111669149768	107374182460	2	cDI=	cDI=	QU5Z	
