30064771073	107374182401	PG9wZXJhdG9yPi5hc3NpZ25tZW50	PG9wZXJhdG9yPi5hc3NpZ25tZW50	U1RBVElDX0RJU1BBVENI	dm9pZA==	QWNxdWlyZShDb250ZXh0KiBjdHgsIHVuc2lnbmVkIGxvbmcgc2l6ZSkgPSBBTlkuQU5ZKCk=	cjAyYzA0X2NoZWNrX2FmdGVyX3VzZS5jcHA=	12	107374182411	PG9wZXJhdG9yPi5hc3NpZ25tZW50
30064771074	107374182401	PG9wZXJhdG9yPi5hc3NpZ25tZW50	PG9wZXJhdG9yPi5hc3NpZ25tZW50	U1RBVElDX0RJU1BBVENI	QU5Z	PHRtcD4wID0gPG9wZXJhdG9yPi5hbGxvYw==	cjAyYzA0X2NoZWNrX2FmdGVyX3VzZS5jcHA=	12	107374182411	PG9wZXJhdG9yPi5hc3NpZ25tZW50
30064771076	107374182401	QU5Z	QU5ZLkFOWTp2b2lkKCk=	U1RBVElDX0RJU1BBVENI	dm9pZA==	QU5ZLkFOWSgp	cjAyYzA0X2NoZWNrX2FmdGVyX3VzZS5jcHA=	12	107374182413	QU5ZLkFOWTp2b2lkKCk=
30064771075	107374182401	PG9wZXJhdG9yPi5hbGxvYw==	PG9wZXJhdG9yPi5hbGxvYw==	U1RBVElDX0RJU1BBVENI	QU5Z	PG9wZXJhdG9yPi5hbGxvYw==	cjAyYzA0X2NoZWNrX2FmdGVyX3VzZS5jcHA=	12	107374182412	PG9wZXJhdG9yPi5hbGxvYw==
30064771077	107374182401	PG9wZXJhdG9yPi5hZGRyZXNzT2Y=	PG9wZXJhdG9yPi5hZGRyZXNzT2Y=	U1RBVElDX0RJU1BBVENI	QU5Z	Jjx0bXA+MA==	cjAyYzA0X2NoZWNrX2FmdGVyX3VzZS5jcHA=	12	107374182414	PG9wZXJhdG9yPi5hZGRyZXNzT2Y=
30064771072	107374182402	PG9wZXJhdG9yPi5pbmRpcmVjdEZpZWxkQWNjZXNz	PG9wZXJhdG9yPi5pbmRpcmVjdEZpZWxkQWNjZXNz	U1RBVElDX0RJU1BBVENI	Ym9vbA==	dGhpcy0+aW52YWxpZF8=	cjAyYzA0X2NoZWNrX2FmdGVyX3VzZS5jcHA=	13	107374182410	PG9wZXJhdG9yPi5pbmRpcmVjdEZpZWxkQWNjZXNz
30064771079	107374182403	PG9wZXJhdG9yPi5hc3NpZ25tZW50	PG9wZXJhdG9yPi5hc3NpZ25tZW50	U1RBVElDX0RJU1BBVENI	dm9pZA==	QWNxdWlyZShDb250ZXh0KiBjdHgsIHVuc2lnbmVkIGxvbmcgc2l6ZSkgPSBBTlkuQU5ZKCk=	cjAyYzA0X2NoZWNrX2FmdGVyX3VzZS5jcHA=	23	107374182411	PG9wZXJhdG9yPi5hc3NpZ25tZW50
30064771080	107374182403	PG9wZXJhdG9yPi5hc3NpZ25tZW50	PG9wZXJhdG9yPi5hc3NpZ25tZW50	U1RBVElDX0RJU1BBVENI	QU5Z	PHRtcD4wID0gPG9wZXJhdG9yPi5hbGxvYw==	cjAyYzA0X2NoZWNrX2FmdGVyX3VzZS5jcHA=	23	107374182411	PG9wZXJhdG9yPi5hc3NpZ25tZW50
30064771082	107374182403	QU5Z	QU5ZLkFOWTp2b2lkKCk=	U1RBVElDX0RJU1BBVENI	dm9pZA==	QU5ZLkFOWSgp	cjAyYzA0X2NoZWNrX2FmdGVyX3VzZS5jcHA=	23	107374182413	QU5ZLkFOWTp2b2lkKCk=
30064771081	107374182403	PG9wZXJhdG9yPi5hbGxvYw==	PG9wZXJhdG9yPi5hbGxvYw==	U1RBVElDX0RJU1BBVENI	QU5Z	PG9wZXJhdG9yPi5hbGxvYw==	cjAyYzA0X2NoZWNrX2FmdGVyX3VzZS5jcHA=	23	107374182412	PG9wZXJhdG9yPi5hbGxvYw==
30064771083	107374182403	PG9wZXJhdG9yPi5hZGRyZXNzT2Y=	PG9wZXJhdG9yPi5hZGRyZXNzT2Y=	U1RBVElDX0RJU1BBVENI	QU5Z	Jjx0bXA+MA==	cjAyYzA0X2NoZWNrX2FmdGVyX3VzZS5jcHA=	23	107374182414	PG9wZXJhdG9yPi5hZGRyZXNzT2Y=
30064771078	107374182404	PG9wZXJhdG9yPi5pbmRpcmVjdEZpZWxkQWNjZXNz	PG9wZXJhdG9yPi5pbmRpcmVjdEZpZWxkQWNjZXNz	U1RBVElDX0RJU1BBVENI	Ym9vbA==	dGhpcy0+aW52YWxpZF8=	cjAyYzA0X2NoZWNrX2FmdGVyX3VzZS5jcHA=	24	107374182410	PG9wZXJhdG9yPi5pbmRpcmVjdEZpZWxkQWNjZXNz
30064771084	107374182405	PG9wZXJhdG9yPi5hc3NpZ25tZW50	PG9wZXJhdG9yPi5hc3NpZ25tZW50	U1RBVElDX0RJU1BBVENI	dm9pZA==	ciA9IEZhY3RvcnlSZXNvdXJjZTo6QWNxdWlyZShjdHgsIHNpemUp	cjAyYzA0X2NoZWNrX2FmdGVyX3VzZS5jcHA=	30	107374182411	PG9wZXJhdG9yPi5hc3NpZ25tZW50
30064771086	107374182405	PG9wZXJhdG9yPi5hc3NpZ25tZW50	PG9wZXJhdG9yPi5hc3NpZ25tZW50	U1RBVElDX0RJU1BBVENI	QU5Z	ci5hdCgwKSA9IDE=	cjAyYzA0X2NoZWNrX2FmdGVyX3VzZS5jcHA=	31	107374182411	PG9wZXJhdG9yPi5hc3NpZ25tZW50
30064771085	107374182405	QWNxdWlyZQ==	RmFjdG9yeVJlc291cmNlLkFjcXVpcmU6RmFjdG9yeVJlc291cmNlKENvbnRleHQqLGxvbmcp	U1RBVElDX0RJU1BBVENI	RmFjdG9yeVJlc291cmNl	RmFjdG9yeVJlc291cmNlOjpBY3F1aXJlKGN0eCwgc2l6ZSk=	cjAyYzA0X2NoZWNrX2FmdGVyX3VzZS5jcHA=	30	107374182415	RmFjdG9yeVJlc291cmNlLkFjcXVpcmU6RmFjdG9yeVJlc291cmNlKENvbnRleHQqLGxvbmcp
30064771087	107374182405	YXQ=	RmFjdG9yeVJlc291cmNlLmF0OmludCYobG9uZyk=	U1RBVElDX0RJU1BBVENI	aW50	ci5hdCgwKQ==	cjAyYzA0X2NoZWNrX2FmdGVyX3VzZS5jcHA=	31	107374182416	RmFjdG9yeVJlc291cmNlLmF0OmludCYobG9uZyk=
30064771088	107374182405	aXNJbnZhbGlk	RmFjdG9yeVJlc291cmNlLmlzSW52YWxpZDpib29sKCk8Y29uc3Q+	U1RBVElDX0RJU1BBVENI	Ym9vbA==	ci5pc0ludmFsaWQoKQ==	cjAyYzA0X2NoZWNrX2FmdGVyX3VzZS5jcHA=	32	107374182402	RmFjdG9yeVJlc291cmNlLmlzSW52YWxpZDpib29sKCk8Y29uc3Q+
30064771089	107374182405	PG9wZXJhdG9yPi5taW51cw==	PG9wZXJhdG9yPi5taW51cw==	U1RBVElDX0RJU1BBVENI	QU5Z	LTE=	cjAyYzA0X2NoZWNrX2FmdGVyX3VzZS5jcHA=	33	107374182417	PG9wZXJhdG9yPi5taW51cw==
