167503724544	UG9zaXRpdmVCdWZmZXJOZXc=	UG9zaXRpdmVCdWZmZXJOZXc6TmFwaS5WYWx1ZShOYXBpLkNhbGxiYWNrSW5mbyYp	Zml4dHVyZV9zb3VyY2UuY3Bw	16	false	
167503724545	V3JvbmdSZXN1bHRUeXBlVHlwZUVycm9y	V3JvbmdSZXN1bHRUeXBlVHlwZUVycm9yOk5hcGkuVmFsdWUoTmFwaS5DYWxsYmFja0luZm8mKQ==	Zml4dHVyZV9zb3VyY2UuY3Bw	25	false	
167503724546	PGdsb2JhbD4=	Zml4dHVyZV9zb3VyY2UuY3BwOjxnbG9iYWw+	Zml4dHVyZV9zb3VyY2UuY3Bw	1	false	
167503724547	QnVmZmVy	T3RoZXIuQnVmZmVy	Zml4dHVyZV9zb3VyY2UuY3Bw	34	false	
167503724548	TG9va2FsaWtlT3RoZXJCdWZmZXI=	TG9va2FsaWtlT3RoZXJCdWZmZXI6TmFwaS5WYWx1ZShOYXBpLkNhbGxiYWNrSW5mbyYp	Zml4dHVyZV9zb3VyY2UuY3Bw	41	false	
167503724549	V2lkZ2V0	V2lkZ2V0	Zml4dHVyZV9zb3VyY2UuY3Bw	50	false	
167503724550	VW5yZWxhdGVkV2lkZ2V0TmV3	VW5yZWxhdGVkV2lkZ2V0TmV3Ok5hcGkuVmFsdWUoTmFwaS5DYWxsYmFja0luZm8mKQ==	Zml4dHVyZV9zb3VyY2UuY3Bw	56	false	
167503724551	RXh0ZXJuYWxEYXRhT3ZlcmxvYWQ=	RXh0ZXJuYWxEYXRhT3ZlcmxvYWQ6TmFwaS5WYWx1ZShOYXBpLkNhbGxiYWNrSW5mbyYp	Zml4dHVyZV9zb3VyY2UuY3Bw	66	false	
167503724552	QXV0b0RlZHVjZWRMb2NhbA==	QXV0b0RlZHVjZWRMb2NhbDpOYXBpLlZhbHVlKE5hcGkuQ2FsbGJhY2tJbmZvJik=	Zml4dHVyZV9zb3VyY2UuY3Bw	76	false	
167503724553	QU5Z	QU5Z	PGluY2x1ZGVzPg==		true	
167503724554	QnVmZmVy	TmFwaS5CdWZmZXI=	PGluY2x1ZGVzPg==		true	
167503724555	Q2FsbGJhY2tJbmZvJg==	TmFwaS5DYWxsYmFja0luZm8m	PGluY2x1ZGVzPg==		true	
167503724556	RW52	TmFwaS5FbnY=	PGluY2x1ZGVzPg==		true	
167503724557	VHlwZUVycm9y	TmFwaS5UeXBlRXJyb3I=	PGluY2x1ZGVzPg==		true	
167503724558	VmFsdWU=	TmFwaS5WYWx1ZQ==	PGluY2x1ZGVzPg==		true	
167503724559	TmV3	TmV3	PGluY2x1ZGVzPg==		true	
167503724560	Y2hhclsxM10=	Y2hhclsxM10=	PGluY2x1ZGVzPg==		true	
167503724561	aW50	aW50	PGluY2x1ZGVzPg==		true	
167503724562	bG9uZ3Vuc2lnbmVk	bG9uZ3Vuc2lnbmVk	PGluY2x1ZGVzPg==		true	
167503724563	bmFwaV9lbnY=	bmFwaV9lbnY=	PGluY2x1ZGVzPg==		true	
167503724564	dW5zaWduZWQ=	dW5zaWduZWQ=	PGluY2x1ZGVzPg==		true	
167503724565	dW5zaWduZWQgY2hhcio=	dW5zaWduZWQgY2hhcio=	PGluY2x1ZGVzPg==		true	
167503724566	dm9pZA==	dm9pZA==	PGluY2x1ZGVzPg==		true	
