107374182400	PGdsb2JhbD4=	cm5nX3Byb2JlLmM6PGdsb2JhbD4=		cm5nX3Byb2JlLmM=	1	104	VFlQRV9ERUNM	cm5nX3Byb2JlLmM6PGdsb2JhbD4=	false
107374182401	PGNsaW5pdD4=	V0NfUk5HLjxjbGluaXQ+OldDX1JORygp		cm5nX3Byb2JlLmM=	7	10	VFlQRV9ERUNM	cm5nX3Byb2JlLmM6PGdsb2JhbD4=	false
107374182402	d29sZlNTTF9SQU5EX2J5dGVz	d29sZlNTTF9SQU5EX2J5dGVz	aW50KHVuc2lnbmVkIGNoYXIqLGludCk=	cm5nX3Byb2JlLmM=	27	74	VFlQRV9ERUNM	cm5nX3Byb2JlLmM6PGdsb2JhbD4=	false
107374182403	d29sZlNTTF9SQU5EX3BvbGw=	d29sZlNTTF9SQU5EX3BvbGw=	aW50KHZvaWQp	cm5nX3Byb2JlLmM=	76	104	VFlQRV9ERUNM	cm5nX3Byb2JlLmM6PGdsb2JhbD4=	false
107374182404	PGdsb2JhbD4=	PGluY2x1ZGVzPjo8Z2xvYmFsPg==		PGluY2x1ZGVzPg==	1		TkFNRVNQQUNFX0JMT0NL	PGluY2x1ZGVzPjo8Z2xvYmFsPg==	false
107374182405	d2NfTG9ja011dGV4	d2NfTG9ja011dGV4	aW50KHdvbGZTU0xfTXV0ZXgqKQ==	cm5nX3Byb2JlLmM=	15	15	VFlQRV9ERUNM	cm5nX3Byb2JlLmM6PGdsb2JhbD4=	false
107374182406	d2NfVW5Mb2NrTXV0ZXg=	d2NfVW5Mb2NrTXV0ZXg=	aW50KHdvbGZTU0xfTXV0ZXgqKQ==	cm5nX3Byb2JlLmM=	16	16	VFlQRV9ERUNM	cm5nX3Byb2JlLmM6PGdsb2JhbD4=	false
107374182407	d2NfUk5HX0dlbmVyYXRlQmxvY2s=	d2NfUk5HX0dlbmVyYXRlQmxvY2s=	aW50KFdDX1JORyosdW5zaWduZWQgY2hhciosdW5zaWduZWQgaW50KQ==	cm5nX3Byb2JlLmM=	17	17	VFlQRV9ERUNM	cm5nX3Byb2JlLmM6PGdsb2JhbD4=	false
107374182408	d2NfR2VuZXJhdGVTZWVk	d2NfR2VuZXJhdGVTZWVk	aW50KHVuc2lnbmVkIGNoYXIqLHVuc2lnbmVkIGNoYXIqLHVuc2lnbmVkIGludCk=	cm5nX3Byb2JlLmM=	18	18	VFlQRV9ERUNM	cm5nX3Byb2JlLmM6PGdsb2JhbD4=	false
107374182409	d2NfUk5HX0RSQkdfUmVzZWVk	d2NfUk5HX0RSQkdfUmVzZWVk	aW50KFdDX1JORyosdW5zaWduZWQgY2hhciosdW5zaWduZWQgaW50KQ==	cm5nX3Byb2JlLmM=	19	19	VFlQRV9ERUNM	cm5nX3Byb2JlLmM6PGdsb2JhbD4=	false
107374182410	V09MRlNTTF9FTlRFUg==	V09MRlNTTF9FTlRFUg==	dm9pZChjaGFyKik=	cm5nX3Byb2JlLmM=	20	20	VFlQRV9ERUNM	cm5nX3Byb2JlLmM6PGdsb2JhbD4=	false
107374182411	V09MRlNTTF9NU0c=	V09MRlNTTF9NU0c=	dm9pZChjaGFyKik=	cm5nX3Byb2JlLmM=	21	21	VFlQRV9ERUNM	cm5nX3Byb2JlLmM6PGdsb2JhbD4=	false
107374182412	Uk5HX01BWF9CTE9DS19MRU4=	cm5nX3Byb2JlLmM6Uk5HX01BWF9CTE9DS19MRU46aW50KDAp	aW50KDAp	cm5nX3Byb2JlLmM=	13	13	VFlQRV9ERUNM	cm5nX3Byb2JlLmM6PGdsb2JhbD4=	true
107374182413	V09MRlNTTF9TVUNDRVNT	cm5nX3Byb2JlLmM6V09MRlNTTF9TVUNDRVNTOmludCgwKQ==	aW50KDAp	cm5nX3Byb2JlLmM=	11	11	VFlQRV9ERUNM	cm5nX3Byb2JlLmM6PGdsb2JhbD4=	true
107374182414	V09MRlNTTF9GQUlMVVJF	cm5nX3Byb2JlLmM6V09MRlNTTF9GQUlMVVJFOmludCgwKQ==	aW50KDAp	cm5nX3Byb2JlLmM=	12	12	VFlQRV9ERUNM	cm5nX3Byb2JlLmM6PGdsb2JhbD4=	true
107374182415	PG9wZXJhdG9yPi5hcnJheUluaXRpYWxpemVy	PG9wZXJhdG9yPi5hcnJheUluaXRpYWxpemVy		PGVtcHR5Pg==			TkFNRVNQQUNFX0JMT0NL	PGdsb2JhbD4=	true
107374182416	PG9wZXJhdG9yPi5hc3NpZ25tZW50	PG9wZXJhdG9yPi5hc3NpZ25tZW50		PGVtcHR5Pg==			TkFNRVNQQUNFX0JMT0NL	PGdsb2JhbD4=	true
107374182417	PG9wZXJhdG9yPi5sb2dpY2FsT3I=	PG9wZXJhdG9yPi5sb2dpY2FsT3I=		PGVtcHR5Pg==			TkFNRVNQQUNFX0JMT0NL	PGdsb2JhbD4=	true
107374182418	PG9wZXJhdG9yPi5lcXVhbHM=	PG9wZXJhdG9yPi5lcXVhbHM=		PGVtcHR5Pg==			TkFNRVNQQUNFX0JMT0NL	PGdsb2JhbD4=	true
107374182419	PG9wZXJhdG9yPi5sZXNzVGhhbg==	PG9wZXJhdG9yPi5sZXNzVGhhbg==		PGVtcHR5Pg==			TkFNRVNQQUNFX0JMT0NL	PGdsb2JhbD4=	true
107374182420	PG9wZXJhdG9yPi5ub3RFcXVhbHM=	PG9wZXJhdG9yPi5ub3RFcXVhbHM=		PGVtcHR5Pg==			TkFNRVNQQUNFX0JMT0NL	PGdsb2JhbD4=	true
107374182421	PG9wZXJhdG9yPi5hZGRyZXNzT2Y=	PG9wZXJhdG9yPi5hZGRyZXNzT2Y=		PGVtcHR5Pg==			TkFNRVNQQUNFX0JMT0NL	PGdsb2JhbD4=	true
107374182422	PG9wZXJhdG9yPi5kaXZpc2lvbg==	PG9wZXJhdG9yPi5kaXZpc2lvbg==		PGVtcHR5Pg==			TkFNRVNQQUNFX0JMT0NL	PGdsb2JhbD4=	true
107374182423	PG9wZXJhdG9yPi5wb3N0RGVjcmVtZW50	PG9wZXJhdG9yPi5wb3N0RGVjcmVtZW50		PGVtcHR5Pg==			TkFNRVNQQUNFX0JMT0NL	PGdsb2JhbD4=	true
107374182424	PG9wZXJhdG9yPi5hc3NpZ25tZW50TWludXM=	PG9wZXJhdG9yPi5hc3NpZ25tZW50TWludXM=		PGVtcHR5Pg==			TkFNRVNQQUNFX0JMT0NL	PGdsb2JhbD4=	true
107374182425	PG9wZXJhdG9yPi5hc3NpZ25tZW50UGx1cw==	PG9wZXJhdG9yPi5hc3NpZ25tZW50UGx1cw==		PGVtcHR5Pg==			TkFNRVNQQUNFX0JMT0NL	PGdsb2JhbD4=	true
107374182426	PG9wZXJhdG9yPi5sb2dpY2FsQW5k	PG9wZXJhdG9yPi5sb2dpY2FsQW5k		PGVtcHR5Pg==			TkFNRVNQQUNFX0JMT0NL	PGdsb2JhbD4=	true
107374182427	PG9wZXJhdG9yPi5jYXN0	PG9wZXJhdG9yPi5jYXN0		PGVtcHR5Pg==			TkFNRVNQQUNFX0JMT0NL	PGdsb2JhbD4=	true
107374182428	PG9wZXJhdG9yPi5hbGxvYw==	PG9wZXJhdG9yPi5hbGxvYw==		PGVtcHR5Pg==			TkFNRVNQQUNFX0JMT0NL	PGdsb2JhbD4=	true
107374182429	PG9wZXJhdG9yPi5maWVsZEFjY2Vzcw==	PG9wZXJhdG9yPi5maWVsZEFjY2Vzcw==		PGVtcHR5Pg==			TkFNRVNQQUNFX0JMT0NL	PGdsb2JhbD4=	true
